method,pr_auc_mean,pr_auc_std,roc_auc_mean,roc_auc_std,sensitivity_mean,sensitivity_std,precision_mean,precision_std,specificity_mean,specificity_std,accuracy_mean,accuracy_std,f1_mean,f1_std,youden_j_mean,youden_j_std,youden_threshold_mean,youden_threshold_std
FPLS + linear SVM (J=5),0.8657583648757148,0.030947001045006212,0.9304811072021844,0.01490858313676042,0.8297393822393822,0.03297269458182858,0.7896339521119171,0.04543082033541652,0.944482565783019,0.015937624241003822,0.921740674955595,0.013609742546622592,0.8082429845257199,0.02953547116953149,0.7742219480224013,0.03480009651550107,0.18753768844221105,0.017829913187539532
FPLS + logistic regression (J=5),0.8697908555512215,0.030113828008618223,0.9319300329703956,0.014529055747506597,0.8317181467181467,0.030639411325288246,0.7855665051142223,0.04687443184934756,0.9429325196711339,0.01625739276356854,0.9208880994671403,0.013551903533980319,0.8070039120353578,0.028898616942413732,0.7746506663892806,0.032522750786622506,0.19798994974874373,0.01827411638385909
FPLS + weighted kNN (J=5),0.8219884143187801,0.030688641917576635,0.8974088000439717,0.016384167188381333,0.7668516731016731,0.04164519458057855,0.8385431836626749,0.03993386039690302,0.9630034534858624,0.011129927479716138,0.9241207815275311,0.011319541413108,0.8001047635846432,0.03000409613682008,0.7298551265875354,0.04162273396200494,0.36211055276381915,0.033044251233417005
Weighted kNN + standardized Euclidean,0.7391339916977028,0.03910998842653296,0.8771176582079344,0.018648195948088146,0.744443371943372,0.04446609865367807,0.6315769153374243,0.04203988609137445,0.8915415105076232,0.019697546970532023,0.862380106571936,0.0165351487673436,0.682220875842215,0.033145627850024915,0.635984882450995,0.045101326364367825,0.27266331658291454,0.05621296584304103
